------------------------ Populacion de Admin -------------------------------
INSERT INTO "Admin"("correo","password") 
VALUES('jdcubero1221@gmail.com','josue1234');

INSERT INTO "Admin"("correo","password") 
VALUES('josepablofa@gmail.com','jose1234');

------------------------ Populacion de Admin -------------------------------
---------------- Populacion de la tabla Distribuidor ----------------------
INSERT INTO "Distribuidor"("cedulaJuridica","nombre","pais","continente") 
VALUES(701230678,'Huawei','China', 'Asia');

INSERT INTO "Distribuidor"("cedulaJuridica","nombre","continente","pais") 
VALUES(501230678,'Samsung','Korea', 'Asia');

INSERT INTO "Distribuidor"("cedulaJuridica","nombre","continente","pais") 
VALUES(901230876,'Asus','Taiwan', 'Asia');

INSERT INTO "Distribuidor"("cedulaJuridica","nombre","continente","pais") 
VALUES(401230876,'Dell','USA', 'America');

INSERT INTO "Distribuidor"("cedulaJuridica","nombre","continente","pais") 
VALUES(903210876,'MSI','Taiwan', 'Asia');

INSERT INTO "Distribuidor"("cedulaJuridica","nombre","continente","pais") 
VALUES(603120878,'AOC','Taiwan', 'Asia');

INSERT INTO "Distribuidor"("cedulaJuridica","nombre","continente","pais") 
VALUES(302030594,'Apple','USA', 'America');
---------------- Populacion de la tabla Distribuidor ----------------------

---------------- Populacion de la tabla DispositivoStock -------------------

INSERT 
INTO 
"DispositivoStock"("numeroSerie","marca", "consumoElectrico", "cedulaJuridica","tipo","tiempoGarantia","descripcion") 
VALUES(1000,'Apple',35000, 302030594, 'Smart Phone', 12, 'iPhone 12 PRO 256GB');



INSERT 
INTO 
"DispositivoStock"("numeroSerie","marca", "consumoElectrico", "cedulaJuridica","tipo","tiempoGarantia","descripcion") 
VALUES(2000,'Apple',35000, 302030594, 'Smart Phone', 12, 'iPhone 12 PRO 256GB');


INSERT 
INTO 
"DispositivoStock"("numeroSerie","marca", "consumoElectrico", "cedulaJuridica","tipo","tiempoGarantia","descripcion") 
VALUES(3000,'Apple',35000, 302030594, 'Smart Phone', 12, 'iPhone 12 PRO 256GB');



INSERT 
INTO 
"DispositivoStock"("numeroSerie","marca", "consumoElectrico", "cedulaJuridica","tipo","tiempoGarantia","descripcion") 
VALUES(4000,'Apple',35000, 302030594, 'Smart Phone', 12, 'iPhone 12 PRO 256GB');




INSERT 
INTO 
"DispositivoStock"("numeroSerie","marca", "consumoElectrico", "cedulaJuridica","tipo","tiempoGarantia","descripcion") 
VALUES(5000,'Apple',35000, 302030594, 'Smart Phone', 12, 'iPhone 12 PRO 256GB');


INSERT 
INTO 
"DispositivoStock"("numeroSerie","marca", "consumoElectrico", "cedulaJuridica","tipo","tiempoGarantia","descripcion") 
VALUES(6000,'Apple',35000, 302030594, 'Smart Phone', 12, 'iPhone 12 PRO 256GB');


INSERT 
INTO 
"DispositivoStock"("numeroSerie","marca", "consumoElectrico", "cedulaJuridica","tipo","tiempoGarantia","descripcion") 
VALUES(7000,'Apple',35000, 302030594, 'Smart Phone', 12, 'iPhone 12 PRO 256GB');



INSERT 
INTO 
"DispositivoStock"("numeroSerie","marca", "consumoElectrico", "cedulaJuridica","tipo","tiempoGarantia","descripcion") 
VALUES(8000,'Apple',35000, 302030594, 'Smart Phone', 12, 'iPhone 12 PRO 256GB');




INSERT 
INTO 
"DispositivoStock"("numeroSerie","marca", "consumoElectrico", "cedulaJuridica","tipo","tiempoGarantia","descripcion") 
VALUES(9000,'Apple',35000, 302030594, 'Smart Phone', 12, 'iPhone 12 PRO 256GB');


INSERT 
INTO 
"DispositivoStock"("numeroSerie","marca", "consumoElectrico", "cedulaJuridica","tipo","tiempoGarantia","descripcion") 
VALUES(10000,'Apple',35000, 302030594, 'Smart Phone', 12, 'iPhone 12 PRO 256GB');

INSERT 
INTO
"DispositivoStock"("numeroSerie","marca", "consumoElectrico", "cedulaJuridica","tipo","tiempoGarantia","descripcion") 
VALUES(1001,'Apple',35000, 302030594, 'Smart Phone', 12, 'iPhone 12 PRO MAX 512GB');

INSERT 
INTO
"DispositivoStock"("numeroSerie","marca", "consumoElectrico", "cedulaJuridica","tipo","tiempoGarantia","descripcion") 
VALUES(2001,'Apple',35000, 302030594, 'Smart Phone', 12, 'iPhone 12 PRO MAX 512GB');

INSERT 
INTO
"DispositivoStock"("numeroSerie","marca", "consumoElectrico", "cedulaJuridica","tipo","tiempoGarantia","descripcion") 
VALUES(3001,'Apple',35000, 302030594, 'Smart Phone', 12, 'iPhone 12 PRO MAX 512GB');

INSERT 
INTO
"DispositivoStock"("numeroSerie","marca", "consumoElectrico", "cedulaJuridica","tipo","tiempoGarantia","descripcion") 
VALUES(4001,'Apple',35000, 302030594, 'Smart Phone', 12, 'iPhone 12 PRO MAX 512GB');

INSERT 
INTO
"DispositivoStock"("numeroSerie","marca", "consumoElectrico", "cedulaJuridica","tipo","tiempoGarantia","descripcion") 
VALUES(5001,'Apple',35000, 302030594, 'Smart Phone', 12, 'iPhone 12 PRO MAX 512GB');

INSERT 
INTO
"DispositivoStock"("numeroSerie","marca", "consumoElectrico", "cedulaJuridica","tipo","tiempoGarantia","descripcion") 
VALUES(6001,'Apple',35000, 302030594, 'Smart Phone', 12, 'iPhone 12 PRO MAX 512GB');

INSERT 
INTO
"DispositivoStock"("numeroSerie","marca", "consumoElectrico", "cedulaJuridica","tipo","tiempoGarantia","descripcion") 
VALUES(7001,'Apple',35000, 302030594, 'Smart Phone', 12, 'iPhone 12 PRO MAX 512GB');

INSERT 
INTO
"DispositivoStock"("numeroSerie","marca", "consumoElectrico", "cedulaJuridica","tipo","tiempoGarantia","descripcion") 
VALUES(8001,'Apple',35000, 302030594, 'Smart Phone', 12, 'iPhone 12 PRO MAX 512GB');

INSERT 
INTO
"DispositivoStock"("numeroSerie","marca", "consumoElectrico", "cedulaJuridica","tipo","tiempoGarantia","descripcion") 
VALUES(9001,'Apple',35000, 302030594, 'Smart Phone', 12, 'iPhone 12 PRO MAX 512GB');

INSERT 
INTO
"DispositivoStock"("numeroSerie","marca", "consumoElectrico", "cedulaJuridica","tipo","tiempoGarantia","descripcion") 
VALUES(10001,'Apple',35000, 302030594, 'Smart Phone', 12, 'iPhone 12 PRO MAX 512GB');

INSERT 
INTO 
"DispositivoStock"("numeroSerie","marca", "consumoElectrico", "cedulaJuridica","tipo","tiempoGarantia","descripcion") 
VALUES(1010,'Apple',50000, 302030594, 'Tablet', 12, 'iPad PRO 12.9 256GB');

INSERT 
INTO 
"DispositivoStock"("numeroSerie","marca", "consumoElectrico", "cedulaJuridica","tipo","tiempoGarantia","descripcion") 
VALUES(2010,'Apple',50000, 302030594, 'Tablet', 12, 'iPad PRO 12.9 256GB');

INSERT 
INTO 
"DispositivoStock"("numeroSerie","marca", "consumoElectrico", "cedulaJuridica","tipo","tiempoGarantia","descripcion") 
VALUES(3010,'Apple',50000, 302030594, 'Tablet', 12, 'iPad PRO 12.9 256GB');

INSERT 
INTO 
"DispositivoStock"("numeroSerie","marca", "consumoElectrico", "cedulaJuridica","tipo","tiempoGarantia","descripcion") 
VALUES(4010,'Apple',50000, 302030594, 'Tablet', 12, 'iPad PRO 12.9 256GB');

INSERT 
INTO 
"DispositivoStock"("numeroSerie","marca", "consumoElectrico", "cedulaJuridica","tipo","tiempoGarantia","descripcion") 
VALUES(5010,'Apple',50000, 302030594, 'Tablet', 12, 'iPad PRO 12.9 256GB');

INSERT 
INTO 
"DispositivoStock"("numeroSerie","marca", "consumoElectrico", "cedulaJuridica","tipo","tiempoGarantia","descripcion") 
VALUES(6010,'Apple',50000, 302030594, 'Tablet', 12, 'iPad PRO 12.9 256GB');

INSERT 
INTO 
"DispositivoStock"("numeroSerie","marca", "consumoElectrico", "cedulaJuridica","tipo","tiempoGarantia","descripcion") 
VALUES(7010,'Apple',50000, 302030594, 'Tablet', 12, 'iPad PRO 12.9 256GB');

INSERT 
INTO 
"DispositivoStock"("numeroSerie","marca", "consumoElectrico", "cedulaJuridica","tipo","tiempoGarantia","descripcion") 
VALUES(8010,'Apple',50000, 302030594, 'Tablet', 12, 'iPad PRO 12.9 256GB');

INSERT 
INTO 
"DispositivoStock"("numeroSerie","marca", "consumoElectrico", "cedulaJuridica","tipo","tiempoGarantia","descripcion") 
VALUES(9010,'Apple',50000, 302030594, 'Tablet', 12, 'iPad PRO 12.9 256GB');

INSERT 
INTO 
"DispositivoStock"("numeroSerie","marca", "consumoElectrico", "cedulaJuridica","tipo","tiempoGarantia","descripcion") 
VALUES(10010,'Apple',50000, 302030594, 'Tablet', 12, 'iPad PRO 12.9 256GB');

INSERT 
INTO 
"DispositivoStock"("numeroSerie","marca", "consumoElectrico", "cedulaJuridica","tipo","tiempoGarantia","descripcion") 
VALUES(1011,'MSI',70000, 903210876, 'Computer', 12, 'MSI GF63 THIN');

INSERT 
INTO 
"DispositivoStock"("numeroSerie","marca", "consumoElectrico", "cedulaJuridica","tipo","tiempoGarantia","descripcion") 
VALUES(2011,'MSI',70000, 903210876, 'Computer', 12, 'MSI GF63 THIN');

INSERT 
INTO 
"DispositivoStock"("numeroSerie","marca", "consumoElectrico", "cedulaJuridica","tipo","tiempoGarantia","descripcion") 
VALUES(3011,'MSI',70000, 903210876, 'Computer', 12, 'MSI GF63 THIN');

INSERT 
INTO 
"DispositivoStock"("numeroSerie","marca", "consumoElectrico", "cedulaJuridica","tipo","tiempoGarantia","descripcion") 
VALUES(4011,'MSI',70000, 903210876, 'Computer', 12, 'MSI GF63 THIN');

INSERT 
INTO 
"DispositivoStock"("numeroSerie","marca", "consumoElectrico", "cedulaJuridica","tipo","tiempoGarantia","descripcion") 
VALUES(5011,'MSI',70000, 903210876, 'Computer', 12, 'MSI GF63 THIN');

INSERT 
INTO 
"DispositivoStock"("numeroSerie","marca", "consumoElectrico", "cedulaJuridica","tipo","tiempoGarantia","descripcion") 
VALUES(6011,'MSI',70000, 903210876, 'Computer', 12, 'MSI GF63 THIN');

INSERT 
INTO 
"DispositivoStock"("numeroSerie","marca", "consumoElectrico", "cedulaJuridica","tipo","tiempoGarantia","descripcion") 
VALUES(7011,'MSI',70000, 903210876, 'Computer', 12, 'MSI GF63 THIN');

INSERT 
INTO 
"DispositivoStock"("numeroSerie","marca", "consumoElectrico", "cedulaJuridica","tipo","tiempoGarantia","descripcion") 
VALUES(8011,'MSI',70000, 903210876, 'Computer', 12, 'MSI GF63 THIN');

INSERT 
INTO 
"DispositivoStock"("numeroSerie","marca", "consumoElectrico", "cedulaJuridica","tipo","tiempoGarantia","descripcion") 
VALUES(9011,'MSI',70000, 903210876, 'Computer', 12, 'MSI GF63 THIN');

INSERT
INTO 
"DispositivoStock"("numeroSerie","marca", "consumoElectrico", "cedulaJuridica","tipo","tiempoGarantia","descripcion") 
VALUES(10011,'MSI',70000, 903210876, 'Computer', 12, 'MSI GF63 THIN');

INSERT
INTO
"DispositivoStock"("numeroSerie","marca", "consumoElectrico", "cedulaJuridica","tipo","tiempoGarantia","descripcion") 
VALUES(10100,'Dell',70000, 401230876, 'Computer', 12, 'Dell XPS 15');

INSERT 
INTO 
"DispositivoStock"("numeroSerie","marca", "consumoElectrico", "cedulaJuridica","tipo","tiempoGarantia","descripcion") 
VALUES(1101,'Huawei',35000, 701230678, 'Smart Home', 12, 'Huawei Nova 5');

INSERT 
INTO 
"DispositivoStock"("numeroSerie","marca", "consumoElectrico", "cedulaJuridica","tipo","tiempoGarantia","descripcion") 
VALUES(2101,'Huawei',35000, 701230678, 'Smart Home', 12, 'Huawei Nova 5');

INSERT 
INTO 
"DispositivoStock"("numeroSerie","marca", "consumoElectrico", "cedulaJuridica","tipo","tiempoGarantia","descripcion") 
VALUES(3101,'Huawei',35000, 701230678, 'Smart Home', 12, 'Huawei Nova 5');

INSERT 
INTO 
"DispositivoStock"("numeroSerie","marca", "consumoElectrico", "cedulaJuridica","tipo","tiempoGarantia","descripcion") 
VALUES(4101,'Huawei',35000, 701230678, 'Smart Home', 12, 'Huawei Nova 5');

INSERT 
INTO 
"DispositivoStock"("numeroSerie","marca", "consumoElectrico", "cedulaJuridica","tipo","tiempoGarantia","descripcion") 
VALUES(5101,'Huawei',35000, 701230678, 'Smart Home', 12, 'Huawei Nova 5');

INSERT 
INTO 
"DispositivoStock"("numeroSerie","marca", "consumoElectrico", "cedulaJuridica","tipo","tiempoGarantia","descripcion") 
VALUES(6101,'Huawei',35000, 701230678, 'Smart Home', 12, 'Huawei Nova 5');

INSERT 
INTO 
"DispositivoStock"("numeroSerie","marca", "consumoElectrico", "cedulaJuridica","tipo","tiempoGarantia","descripcion") 
VALUES(7101,'Huawei',35000, 701230678, 'Smart Home', 12, 'Huawei Nova 5');

INSERT 
INTO 
"DispositivoStock"("numeroSerie","marca", "consumoElectrico", "cedulaJuridica","tipo","tiempoGarantia","descripcion") 
VALUES(8101,'Huawei',35000, 701230678, 'Smart Home', 12, 'Huawei Nova 5');

INSERT 
INTO 
"DispositivoStock"("numeroSerie","marca", "consumoElectrico", "cedulaJuridica","tipo","tiempoGarantia","descripcion") 
VALUES(9101,'Huawei',35000, 701230678, 'Smart Home', 12, 'Huawei Nova 5');

INSERT 
INTO 
"DispositivoStock"("numeroSerie","marca", "consumoElectrico", "cedulaJuridica","tipo","tiempoGarantia","descripcion") 
VALUES(10101,'Huawei',35000, 701230678, 'Smart Home', 12, 'Huawei Nova 5');

INSERT
INTO 
"DispositivoStock"("numeroSerie","marca", "consumoElectrico", "cedulaJuridica","tipo","tiempoGarantia","descripcion") 
VALUES(1111,'Asus',70000, 901230876, 'Computer', 12, 'ASUS VivoBook s15');

INSERT 
INTO 
"DispositivoStock"("numeroSerie","marca", "consumoElectrico", "cedulaJuridica","tipo","tiempoGarantia","descripcion") 
VALUES(2111,'Asus',70000, 901230876, 'Computer', 12, 'ASUS VivoBook s15');

INSERT 
INTO 
"DispositivoStock"("numeroSerie","marca", "consumoElectrico", "cedulaJuridica","tipo","tiempoGarantia","descripcion") 
VALUES(3111,'Asus',70000, 901230876, 'Computer', 12, 'ASUS VivoBook s15');

INSERT 
INTO 
"DispositivoStock"("numeroSerie","marca", "consumoElectrico", "cedulaJuridica","tipo","tiempoGarantia","descripcion") 
VALUES(4111,'Asus',70000, 901230876, 'Computer', 12, 'ASUS VivoBook s15');

INSERT 
INTO 
"DispositivoStock"("numeroSerie","marca", "consumoElectrico", "cedulaJuridica","tipo","tiempoGarantia","descripcion") 
VALUES(5111,'Asus',70000, 901230876, 'Computer', 12, 'ASUS VivoBook s15');

INSERT 
INTO 
"DispositivoStock"("numeroSerie","marca", "consumoElectrico", "cedulaJuridica","tipo","tiempoGarantia","descripcion") 
VALUES(6111,'Asus',70000, 901230876, 'Computer', 12, 'ASUS VivoBook s15');

INSERT 
INTO 
"DispositivoStock"("numeroSerie","marca", "consumoElectrico", "cedulaJuridica","tipo","tiempoGarantia","descripcion") 
VALUES(7111,'Asus',70000, 901230876, 'Computer', 12, 'ASUS VivoBook s15');

INSERT 
INTO 
"DispositivoStock"("numeroSerie","marca", "consumoElectrico", "cedulaJuridica","tipo","tiempoGarantia","descripcion") 
VALUES(8111,'Asus',70000, 901230876, 'Computer', 12, 'ASUS VivoBook s15');

INSERT 
INTO 
"DispositivoStock"("numeroSerie","marca", "consumoElectrico", "cedulaJuridica","tipo","tiempoGarantia","descripcion") 
VALUES(9111,'Asus',70000, 901230876, 'Computer', 12, 'ASUS VivoBook s15');

INSERT 
INTO 
"DispositivoStock"("numeroSerie","marca", "consumoElectrico", "cedulaJuridica","tipo","tiempoGarantia","descripcion") 
VALUES(10111,'Asus',70000, 901230876, 'Computer', 12, 'ASUS VivoBook s15');

INSERT 
INTO 
"DispositivoStock"("numeroSerie","marca", "consumoElectrico", "cedulaJuridica","tipo","tiempoGarantia","descripcion") 
VALUES(2110,'Samsung',35000, 501230678, 'Smart Home', 12, 'Samsung Galaxy S');

INSERT 
INTO 
"DispositivoStock"("numeroSerie","marca", "consumoElectrico", "cedulaJuridica","tipo","tiempoGarantia","descripcion") 
VALUES(3110,'Samsung',35000, 501230678, 'Smart Home', 12, 'Samsung Galaxy S');

INSERT 
INTO 
"DispositivoStock"("numeroSerie","marca", "consumoElectrico", "cedulaJuridica","tipo","tiempoGarantia","descripcion") 
VALUES(4110,'Samsung',35000, 501230678, 'Smart Home', 12, 'Samsung Galaxy S');

INSERT 
INTO 
"DispositivoStock"("numeroSerie","marca", "consumoElectrico", "cedulaJuridica","tipo","tiempoGarantia","descripcion") 
VALUES(5110,'Samsung',35000, 501230678, 'Smart Home', 12, 'Samsung Galaxy S');

INSERT 
INTO 
"DispositivoStock"("numeroSerie","marca", "consumoElectrico", "cedulaJuridica","tipo","tiempoGarantia","descripcion") 
VALUES(6110,'Samsung',35000, 501230678, 'Smart Home', 12, 'Samsung Galaxy S');

INSERT 
INTO 
"DispositivoStock"("numeroSerie","marca", "consumoElectrico", "cedulaJuridica","tipo","tiempoGarantia","descripcion") 
VALUES(7110,'Samsung',35000, 501230678, 'Smart Home', 12, 'Samsung Galaxy S');

INSERT 
INTO 
"DispositivoStock"("numeroSerie","marca", "consumoElectrico", "cedulaJuridica","tipo","tiempoGarantia","descripcion") 
VALUES(8110,'Samsung',35000, 501230678, 'Smart Home', 12, 'Samsung Galaxy S');

INSERT 
INTO 
"DispositivoStock"("numeroSerie","marca", "consumoElectrico", "cedulaJuridica","tipo","tiempoGarantia","descripcion") 
VALUES(9110,'Samsung',35000, 501230678, 'Smart Home', 12, 'Samsung Galaxy S');

INSERT 
INTO 
"DispositivoStock"("numeroSerie","marca", "consumoElectrico", "cedulaJuridica","tipo","tiempoGarantia","descripcion") 
VALUES(10110,'Samsung',35000, 501230678, 'Smart Home', 12, 'Samsung Galaxy S');

INSERT 
INTO 
"DispositivoStock"("numeroSerie","marca", "consumoElectrico", "cedulaJuridica","tipo","tiempoGarantia","descripcion") 
VALUES(11000,'Samsung',35000, 501230678, 'Smart Home', 12, 'Samsung Galaxy S');

---------------- Populacion de la tabla DispositivoStock -------------------

---------------- Populacion de la tabla Usuario ----------------------------

INSERT INTO "Usuario"("correo","password","nombre","apellidos", "continente","pais") 
VALUES('josuecub.mont@hotmail.com','1234','Josue', 'Cubero Montero', 'America', 'Costa Rica');

INSERT INTO "Usuario"("correo","password","nombre","apellidos", "continente","pais") 
VALUES('jdcubero1221@gmail.com','12345','Josue', 'Cubero Montero', 'Africa', 'South Africa');

INSERT INTO "Usuario"("correo","password","nombre","apellidos", "continente","pais") 
VALUES('josepablofa@gmail.com','123456','Jose', 'Fuentes Apu', 'Asia', 'China');

INSERT INTO "Usuario"("correo","password","nombre","apellidos", "continente","pais") 
VALUES('jonagaru1@gmail.com','1234567','Jonathan', 'Garcia Ugalde', 'Europa', 'España');

INSERT INTO "Usuario"("correo","password","nombre","apellidos", "continente","pais") 
VALUES('davidqc05@gmail.com','123456789','David', 'Quesada Calderon', 'Oceania', 'Australia');

---------------- Populacion de la tabla Usuario -----------------------------

---------------- Populacion de la tabla direccionEntrega -----------------------------
INSERT INTO "DireccionEntrega"("correo","ubicacion") 
VALUES('josuecub.mont@hotmail.com','Heredia, San Pablo, Casa 8-E');

INSERT INTO "DireccionEntrega"("correo","ubicacion") 
VALUES('josuecub.mont@hotmail.com','San Jose, San Pedro, Casa 10-C');

INSERT INTO "DireccionEntrega"("correo","ubicacion") 
VALUES('jdcubero1221@gmail.com','Limon, Guapiles, Casa 12-M');

INSERT INTO "DireccionEntrega"("correo","ubicacion") 
VALUES('josepablofa@gmail.com','Alajuela, Poas, Casa 33-T');

INSERT INTO "DireccionEntrega"("correo","ubicacion") 
VALUES('josepablofa@gmail.com','Alajuela, El Centro, Casa 05-A');

INSERT INTO "DireccionEntrega"("correo","ubicacion") 
VALUES('josepablofa@gmail.com','Guanacaste, Liberia, Casa 1-A: El Ranchito');

INSERT INTO "DireccionEntrega"("correo","ubicacion") 
VALUES('jonagaru1@gmail.com','Puntarenas, Esparza, Casa 51-R');

INSERT INTO "DireccionEntrega"("correo","ubicacion") 
VALUES('jonagaru1@gmail.com','Cartago, El Guarco, Molino, Casa 15-J');

INSERT INTO "DireccionEntrega"("correo","ubicacion") 
VALUES('davidqc05@gmail.com','San Jose, Plaza Viquez, Casa 10-C');

INSERT INTO "DireccionEntrega"("correo","ubicacion") 
VALUES('davidqc05@gmail.com','Heredia, Lagunilla, Casa 31-G');


---------------- Populacion DireccionesEntrega ------------------------------

---------------- Populacion de la tabla Pedido ------------------------------
-- >>>>>>>>>>>>>>>>>>> PEDIDO UNO <<<<<<<<<<<<<<<<<<<<<<<<<--
INSERT INTO "Pedido"("numero","correoComprador","fecha","numeroSerie") 
VALUES(DEFAULT,'josuecub.mont@hotmail.com','2021-05-13', 10000);

--Se hace en el server por default al generar una factura
UPDATE "DispositivoStock"
SET "enVenta" = FALSE
WHERE "numeroSerie" = 10000;

INSERT 
INTO 
"Dispositivo"("numeroSerie","marca", "consumoElectrico","correoPosedor","tipo","tiempoGarantia", "nombreAposento") 
VALUES(10000,'Apple',35000, 'josuecub.mont@hotmail.com', 'Smart Phone', 12, 'No asignado');


INSERT INTO "Registro"("numeroSerie","correo") 
VALUES(10000,'josuecub.mont@hotmail.com');

--Se hace en el server por default al generar una factura

-->>>>>>>>>>>>>>>>>>>>>>>>>>>>>> PEDIDO DOS <<<<<<<<<<<<<<<<<<<<<<<<<<<<<<<--

INSERT INTO "Pedido"("numero","correoComprador","fecha","numeroSerie") 
VALUES(DEFAULT,'josuecub.mont@hotmail.com','2021-05-13', 10001);

--Se hace en el server por default al generar una factura
UPDATE "DispositivoStock"
SET "enVenta" = FALSE
WHERE "numeroSerie" = 10001;

INSERT 
INTO 
"Dispositivo"("numeroSerie","marca", "consumoElectrico","correoPosedor","tipo","tiempoGarantia", "nombreAposento") 
VALUES(10001,'Apple',35000, 'josuecub.mont@hotmail.com', 'Smart Phone', 12, 'No asignado');

INSERT INTO "Registro"("numeroSerie","correo") 
VALUES(10001,'josuecub.mont@hotmail.com');

--Se hace en el server por default al generar una factura

---------------- Populacion de la tabla Pedido ---------------------------------

---- Populacion de la tabla Historial - Se hace cada que se activa un disp -----
-------- Activacion 1 de dispositivo 10000 ------
UPDATE "Dispositivo"
SET "estadoActivo" = TRUE
WHERE "numeroSerie" = 10000;

INSERT INTO "Historial"("fechaActivacion","horaActivacion","numeroSerie") 
VALUES('2021-05-13','01:01:10', 10000); --Fecha y hora viene de C#

-------- Desactivacion 1 de dispositivo 10000  ------
UPDATE "Dispositivo"
SET "estadoActivo" = FALSE
WHERE "numeroSerie" = 10000;

UPDATE "Historial"
SET "fechaDesactivacion" = '2021-05-13', "horaDesactivacion" = '01:17:10'
WHERE "numeroSerie" = 10000 		
		AND "horaActivacion" = 
		(SELECT 
			"horaActivacion" 
		FROM 
			"Historial"
		WHERE "numeroSerie" = 10000
		ORDER BY "horaActivacion" DESC
		LIMIT 1);

-------- Activacion 1 de dispositico 10001 ------
UPDATE "Dispositivo"
SET "estadoActivo" = True
WHERE "numeroSerie" = 10001;

INSERT INTO "Historial"("fechaActivacion","horaActivacion","numeroSerie") 
VALUES('2021-05-13','01:10:10', 10001); --Fecha y hora viene de C#

---------- Desactivacion 1 del disp 10001 ------------
UPDATE "Dispositivo"
SET "estadoActivo" = FALSE
WHERE "numeroSerie" = 10000;

UPDATE "Historial"
SET "fechaDesactivacion" = '2021-05-13', "horaDesactivacion" = '02:40:10'
WHERE "numeroSerie" = 10001 		
		AND "horaActivacion" = 
		(SELECT 
			"horaActivacion" 
		FROM 
			"Historial"
		WHERE "numeroSerie" = 10001
		ORDER BY "horaActivacion" DESC
		LIMIT 1);


-------- Activacion 2 de dispositivo 10000 ------
UPDATE "Dispositivo"
SET "estadoActivo" = TRUE
WHERE "numeroSerie" = 10000;

INSERT INTO "Historial"("fechaActivacion","horaActivacion","numeroSerie") 
VALUES('2021-05-13','01:20:10', 10000); --Fecha y hora viene de C#

-------- Desactivacion 2 de dispositivo 10000 ------
UPDATE "Dispositivo"
SET "estadoActivo" = FALSE
WHERE "numeroSerie" = 10000;

--Query que puede hacerse desde la base de datos.
UPDATE "Historial"
SET "fechaDesactivacion" = '2021-05-13', "horaDesactivacion" = '01:35:10'
WHERE "numeroSerie" = 10000 
	AND "horaActivacion" = 
		(SELECT 
			"horaActivacion" 
		FROM 
			"Historial"
		WHERE "numeroSerie" = 10000
		ORDER BY "horaActivacion" DESC
		LIMIT 1);

---- Populacion de la tabla Historial - Se hace cada que se activa un disp -----

--------------------- Update el posedor del dispositivo ----------------------
-- Si el nuevo posedor no está en la tabla de usuario, entonces fallará(Integridad ref).
UPDATE "Dispositivo"
SET "correoPosedor" = 'jdcubero1221@gmail.com'
WHERE "numeroSerie" = 10000;


--------------------- Update el posedor del dispositivo ----------------------

